priority_group	priority_score	manual_decision	exclusion_reason	screening_notes	matched_queries	query_group	method_focus	screening_rationale	title	abstract	author_keywords	keywords_plus	authors	source_title	publication_year	doi	issn	document_type	wos_categories	research_areas	wos_identifier	source_screening_file	manual_decision_clean
A_screen_first	37	include		general methodology, model creation	"Q1; Q2; Q3; Q4"	"Q1 analytical/modeling; Q2 GARCH/HAR; Q3 AI/ML/DL; Q4 hybrid"	"econometric: GARCH/HAR; AI/ML/DL; analytical/modeling context"	"market; volatility; COVID; GARCH/HAR; AI/ML/DL; analytical/modeling; target region"	Volatility forecasting and assessing risk of financial markets using multi-transformer neural network based architecture	This research introduces a more reliable model for predicting market volatility. The model incorporates Transformer and Multi-transformer layers with the GARCH and LSTM models and compares their performance to classic GARCH-type models. Euro-US Dollar FX Spot Rate (EURO-USD), Australian-US Dollar FX Spot Rate (AUDUSD), S&P 500 Index, FTSE 100 Index, Reliance Industries Ltd., and Samsung Electronics Co Ltd. are analyzed. The timeframe examined is January 2005 to December 2021, with training from 2005 to 2016 and testing from 2017 to 2021. Empirical evidence suggests that hybrid Neural-network models, notably Transformer-based models, outperform individual transformers, deep learning, neural networks, and traditional GARCH-type models, even in unpredictable conditions like the COVID-19 pandemic. Within the hybrid Neural-network models, MT-GARCH and MTL-GARCH showed lower validation error (RMSE) than the other models, showing that the bagging mechanism added to the attention mechanism of the Multi-Transformer architecture helped to lower the error in the variance in the noisy data of the daily returns of the assets, reducing the RMSE of the hybrid multi-Transformer models. In addition, three to four of the five hybrid neural-network models showed appropriate risk estimates for the entire test period, as observed from the Christoffersen test. Moreover, the lengthy sample period helps test whether hybrid models perform better than classic GARCH-type models in volatile conditions like the COVID-19 pandemic.	"Transformers; Deep learning; Neural networks; Forecasting; Market risk; Hybrid model"	INDEX	"Mishra, AK; Renganathan, J; Gupta, A"	ENGINEERING APPLICATIONS OF ARTIFICIAL INTELLIGENCE	2024	10.1016/j.engappai.2024.108223	0952-1976	Article	"Automation & Control Systems; Computer Science, Artificial Intelligence; Engineering, Multidisciplinary; Engineering, Electrical & Electronic"	"Automation & Control Systems; Computer Science; Engineering"	QF1A7	wos_screening_readable_A_screened.csv	maybe
A_screen_first	34	include		mostly general methodology, weak link to COVID	"Q1; Q2; Q3; Q4"	"Q1 analytical/modeling; Q2 GARCH/HAR; Q3 AI/ML/DL; Q4 hybrid"	"econometric: GARCH/HAR; AI/ML/DL; analytical/modeling context"	"market; volatility; COVID; GARCH/HAR; AI/ML/DL; analytical/modeling"	Portfolio Optimization Based on Artificial Neural Network and GARCH-EVT-Copula Models	Forecasting volatility is an essential task in the financial market, especially in portfolio optimization. To improve the prediction accuracy of the volatilities of assets we use a hybrid ANN-EGARCH model then combining with extreme value theory and Copula models to perform out-of-sample forecasting returns for six indices in Asia stock markets then we simulate one-day-ahead returns of these indices. We use EGARCH model to capture the leverage of return shocks due to COVID-19. Based on ANN-EGARCH-EVT-Copula models, we solve our portfolio optimization consisting of these six indices with different copula models. Using different performance measures to evaluate the efficiency of the models we show that under the Sharpe ratio and Sortino ratio the Gumbel copula gives better performance whereas with Average Drawdown and Max Drawdown measures, the Gaussian copula model is a best model for optimizing the portfolio.	"Portfolio optimization; artificial neural network; Copula models; GARCH models; extreme value theory"		"Ta, BQ; Khai, NHQ"	INTERNATIONAL JOURNAL OF UNCERTAINTY FUZZINESS AND KNOWLEDGE-BASED SYSTEMS	2023	10.1142/S0218488523400184	0218-4885	Article	Computer Science, Artificial Intelligence	Computer Science	HF8T5	wos_screening_readable_A_screened.csv	maybe
A_screen_first	34	include		mostly methodology, weak link to COVID	"Q1; Q2; Q3; Q4"	"Q1 analytical/modeling; Q2 GARCH/HAR; Q3 AI/ML/DL; Q4 hybrid"	"econometric: GARCH/HAR; AI/ML/DL; analytical/modeling context"	"market; volatility; COVID; GARCH/HAR; AI/ML/DL; analytical/modeling"	Explainable Hybrid Modeling of Stock Market Turning Points: An Integrated ARIMA-LSTM-SHAP Approach	recent years, global shocks such as the COVID-19 pandemic, geopolitical conflicts, and trade tensions have substantially intensified volatility in financial markets, thereby increasing the frequency of price turning points. This study proposes a novel approach that addresses the growing demand for artificial intelligence models that are not only highly predictive but also interpretable. Traditional econometric models, such as Autoregressive Integrated Moving Average (ARIMA) and Generalized Autoregressive Conditional Heteroskedasticity (GARCH), are effective at capturing linear dependencies but fail to adequately represent nonlinear market dynamics. Meanwhile, machine learning methods, despite their strong predictive power, often exhibit limited interpretability. To bridge this gap, this paper presents an explainable hybrid Memory (LSTM), and Shapley Additive exPlanations (SHAP). Using daily data from ten major global stock indices from January 1, 2010 to September 30, 2025, the study employs a hybrid labeling approach that combines Forecasting accuracy is further enhanced by incorporating ARIMA residual-based feature fusion. The model's performance is evaluated using both statistical (F1-Score, Precision-Recall Area Under the Curve (PR-AUC), Root Mean Squared Error (RMSE), and economic (Sharpe ratio) metrics within a walk-forward validation framework. The results show that the ARIMA-LSTM-SHAP model achieves an optimal balance between predictive accuracy and economic efficiency, achieving an F1-Score of 0.60 and a Sharpe ratio exceeding 1.5. The findings highlight the framework's practical relevance for investors and policymakers by facilitating the early detection of turning cycles and supporting risk-informed decision-making.	"turning-point detection; explainable artificial intelligence; behavioral finance; adaptive market hypothesis; economic validation"	TIME-SERIES	Sodnomdavaa, T	JOURNAL OF ADVANCES IN INFORMATION TECHNOLOGY	2026	10.12720/jait.17.3.569-582	1798-2340	Article	"Computer Science, Information Systems; Computer Science, Interdisciplinary Applications"	Computer Science	FX9VA	wos_screening_readable_A_screened.csv	maybe
A_screen_first	32	include		focus on AI stock markets only	"Q1; Q2; Q3; Q4"	"Q1 analytical/modeling; Q2 GARCH/HAR; Q3 AI/ML/DL; Q4 hybrid"	"econometric: GARCH/HAR; AI/ML/DL; analytical/modeling context"	"market; volatility; COVID; GARCH/HAR; AI/ML/DL; analytical/modeling"	Economic policy uncertainty and AI-driven stock spillovers: Implications for portfolio diversification	This study examines how economic policy uncertainty (EPU) shapes return spillovers between major AI-driven stocks. Using daily data for seven leading AI-driven firms, this study estimates a time-varying connectedness via the TVP-VAR framework and links it to macroeconomic uncertainty using a GARCH-MIDAS-EPU model. The pre- and post-COVID analyses capture structural shifts in spillover dynamics. The results show Microsoft and Google are primary transmitters of shocks with Nvidia acting as a critical intermediary, while Tesla and IBM act as net receivers. EPU amplifies short-term connectedness but dampens long-term spillovers, reflecting risk-averse behavior and delayed investment under uncertainty. In post-pandemic periods, long-term volatility persistence strengthens and connectedness becomes more sensitive to policy shocks. Further, the portfolio testing reveals that strategies minimizing correlation and connectedness outperform traditional variance-based approaches during periods of heightened uncertainty. These findings highlight AI-driven equities as a critical channel of macro-policy risk transmission and provide actionable insights for investors, portfolio managers, and policymakers in innovation-driven financial markets.	"Artificial intelligence-driven stocks; Economic policy uncertainty; Spillovers; Portfolio diversification"	"IMPULSE-RESPONSE ANALYSIS; VOLATILITY"	Aslam, A	RESEARCH IN INTERNATIONAL BUSINESS AND FINANCE	2026	10.1016/j.ribaf.2026.103340	0275-5319	Article	Business, Finance	Business & Economics	DV3RV	wos_screening_readable_A_screened.csv	maybe
A_screen_first	21	exclude		focus on investor sentiment	"Q1; Q2"	"Q1 analytical/modeling; Q2 GARCH/HAR"	"econometric: GARCH/HAR; analytical/modeling context"	"market; volatility; COVID; GARCH/HAR; analytical/modeling; target region"	Investor sentiment and stock markets during the war in pandemic time	"Purpose - This paper aims to use three proxy variables - initial public offerings, trading volume and business confidence index (BCI) to construct an investor sentiment index both for the USA and China, taking into account the challenging periods of the COVID-19 pandemic and the Russo-Ukrainian conflict. Design/methodology/approach - Based on monthly data for a period from January 2009 to June 2022, this paper uses data of BCI, consumer confidence index (CCI), gross domestic product, trading volume and Fama and French (1993) factor data; linear regression of single and multifactor model; and EGARCH-M model for analyzing the effect of investor sentiment on stock market return and volatility, both in the USA and China. Findings - The empirical results indicate the suitability of BCI over CCI as a measure of investor sentiment, both in the USA and China. The results indicate that investor sentiment has a significant positive effect on the excess returns in the stock market in both countries. Moreover, the effect of investor sentiment is higher in China than it is in the USA. Such an effect of investor sentiment is significant and fluctuates asymmetrically in the short run but loses its significance in the long run. Optimistic investor sentiment has a larger effect on the stock market volatility in the USA, while the pessimistic investor sentiment has a larger effect in the Chinese stock market. Originality/value - This paper focuses on finding a more suitable proxy for investor sentiment from BCI or CCI. This paper also contributes by including both optimism and pessimism in explaining the stock return and volatility in both markets. The overall fi ndings are important for understanding investor behavior in different market conditions."	"Investor sentiment; Stock returns; COVID-19 pandemic; Russo-Ukrainian conflict; USA and China"	"CONSUMER CONFIDENCE; RETURNS EVIDENCE; CROSS-SECTION; RISK; VOLATILITY; DYNAMICS; PREDICT; PRICES; MODEL"	"Bouteska, A; Hassan, MK; Safa, MF"	INTERNATIONAL JOURNAL OF ACCOUNTING AND INFORMATION MANAGEMENT	2026	10.1108/IJAIM-02-2024-0073	1834-7649	Article	Management	Business & Economics	EN7CL	wos_screening_readable_A_screened.csv	maybe
A_screen_first	21	exclude		main focus on G7	"Q1; Q2"	"Q1 analytical/modeling; Q2 GARCH/HAR"	"econometric: GARCH/HAR; analytical/modeling context"	"market; volatility; COVID; GARCH/HAR; analytical/modeling; target region"	How COVID-19 has affected stock market persistence? Evidence from the G7's	This paper examines how COVID-19 pandemic has affected volatility persistence in the G7's stock markets. Based on daily data we divided the whole sample into two sub-samples according to its breakpoints and found that they occurred right after the declaration of COVID-19 pandemic by the World Health Organization - WHO (2020). This approach allows us to assess the main differences between these two distinct phases. Thus, while the first sub-period is relatively calm, the second one, which coincides with the pandemic outbreak, shows higher levels of volatility. Considering this, we rely on GARCH-type models to assess the degree of persistence of volatility and to evaluate how it has evolved across sub-samples. Our results show that the FIGARCH(1,d,1) is the best model to describe the data and that the degree of persistence is very different from the first to the second sub-sample. Thus, while the pre-pandemic period exhibits lower levels of persistence it has greatly increased with the COVID-19 outbreak. In particular, S&P 500 and FTSE/MIB became the most persistent indices in contrast to NIKKEI 225 and FTSE 100, which were amongst the least persistent. (C) 2021 Elsevier B.V. All rights reserved.	"COVID-19; Volatility; Persistence; Conditional variance; G7; FIGARCH"	"TIME-SERIES; LONG MEMORY; VOLATILITY; EXCHANGE; CRISIS; MODELS"	Bentes, SR	PHYSICA A-STATISTICAL MECHANICS AND ITS APPLICATIONS	2021	10.1016/j.physa.2021.126210	0378-4371	Article	Physics, Multidisciplinary	Physics	UB1QG	wos_screening_readable_A_screened.csv	maybe
A_screen_first	21	exclude		too specific markets	"Q1; Q2"	"Q1 analytical/modeling; Q2 GARCH/HAR"	"econometric: GARCH/HAR; analytical/modeling context"	"market; volatility; COVID; GARCH/HAR; analytical/modeling; target region"	Risk spillovers and extreme risk between e-commerce and logistics markets in China	We first utilized the Bayes positive diagonal BEKK generalized autoregressive conditional heteroskedasticity (Bayes-pdBEKK-GARCH) model to evaluate the risk spillovers between the ecommerce and logistics, then applied the adaptive Fourier decomposition method to measure the extent of these spillovers and detect structural changes. The results showed that there were structural breaks in both markets, which may lead to extreme risks. At last, we applied the GARCH-copula quantile regression model to analyze the extreme risks. We found that: (1) there were asymmetric volatility spillovers and positive correlations between them. (2) The dynamic risk spillovers exhibited heterogeneity over time. The logistics market had a smaller downside risk spillover, while the ecommerce market had a stronger upside risk spillover. (3) The study indicated that important events, such as the Chinese stock market crash, the Sino-U.S. trade friction, the COVID-19 epidemic, and the either-or choice monopoly policy of e-commerce platforms, had a significant influence on them, resulting in dramatic risk spillovers.	"e-commerce; logistics; risk spillover; Bayes-pdBEKK-GARCH model; adaptive Fourier decomposition; GARCH-Copula quantile regression model"	"VOLATILITY; ALGORITHM; MODEL"	"Meng, LS; Wang, B"	AIMS MATHEMATICS	2024	10.3934/math.20241411		Article	"Mathematics, Applied; Mathematics"	Mathematics	J7S9R	wos_screening_readable_A_screened.csv	maybe
A_screen_first	21	include		only IT stocks	"Q1; Q2"	"Q1 analytical/modeling; Q2 GARCH/HAR"	"econometric: GARCH/HAR; analytical/modeling context"	"market; volatility; COVID; GARCH/HAR; analytical/modeling; target region"	Impact of COVID-19 on the Stock Market Performance of Global IT Sector	Predicting return and volatility in the global Capital Market during a pandemic is challenging, and it is more difficult for a specific sector, particularly if that sector has a positive outlook. The goal of this research is to look at the impact of COVID-19 on the mean and volatility of the Information Technology Indexes of the best nine technology-driven countries based on return performance using an econometric GARCH model that is widely used. The daily returns of information technology indexes are evaluated for the same from November 2018 to February 2021. Data is taken from Yahoo Finance for CAC Tech (France), DAX Tech (Germany), FTSE All Tech (UK), KOPSI 200 IT (Korea), NIFTY IT (India), S&P 500 IT (US), S&P TSX (Canada), SSE_IT (China) and TOPIX17 (Japan). The results show daily positive mean returns for 8 countries' IT Indices and further, an uptrend in mean daily returns is observed in the crisis period for 6 countries' IT Indices. The exogenous variable COVID-19 which was taken as a regressor for the GARCH model was found to be positively significant for IT indices of all the countries. The overall results confirm the presence of the mean-reverting phenomenon for IT indices of all the countries.	"GARCH; IT; Risk; Return; Volatility"	"RETURN; RISK; CAPM"	"Chaudhary, R; Bakhshi, P"	JOURNAL OF ASIAN FINANCE ECONOMICS AND BUSINESS	2022	10.13106/jafeb.2022.vol9.no3.0217	2288-4637	Article	Business	Business & Economics	ZY9HX	wos_screening_readable_A_screened.csv	maybe
A_screen_first	21	exclude		tunisia	"Q1; Q2"	"Q1 analytical/modeling; Q2 GARCH/HAR"	"econometric: GARCH/HAR; analytical/modeling context"	"market; volatility; COVID; GARCH/HAR; analytical/modeling; target region"	Volatility transmission within financial markets during the COVID-19 pandemic: are faith-based investors well off in Tunisia?	"Purpose This paper aims to investigate the risk-return and volatility spillover within the Tunisian stock market during the COVID-19 pandemic analyzing both the Islamic and conventional stocks' performance. Design/methodology/approach Both symmetric (GARCH and GARCH-M) and asymmetric (Threshold GARCH and Exponential GARCH) models are used to analyze the market returns and volatility response. Standard and Poor's (S&P) index has been used to test both the Islamic and conventional stocks within the Tunisian stock market. Findings The findings suggest that both Tunisia Islamic and conventional stock markets are highly persistent; however, the conventional stock index showed a negative return spillover on the Islamic stocks during the pandemic. The conventional stock index has also shown a higher exposure to risk for a lower amount of return, and evidence of potential diversification benefit between both indexes was found during the pandemic, whereas the Islamic market showed a positive leverage effect, indicating a positive correlation between past return and future return; the conventional index implied a negative leverage effect. Originality/value The value of this paper emerges in studying three main aspects that are specific to the Tunisian stock market. This includes COVID-19 effect of return spillovers, volatility transmission across both conventional and Islamic stock market within the local financial market."	"Volatility spillover; COVID-19; Islamic index; Conventional index; EGARCH; GARCH-M; Asymmetry; Tunisia; G01; G17"	"STOCK-MARKET; CORONAVIRUS; RETURNS"	"Akinlaso, MI; Robbana, A; Mohamed, N"	JOURNAL OF ISLAMIC ACCOUNTING AND BUSINESS RESEARCH	2022	10.1108/JIABR-12-2020-0388	1759-0817	Article	Business, Finance	Business & Economics	XU6QH	wos_screening_readable_A_screened.csv	maybe
A_screen_first	21	exclude		weak definition of regions	"Q1; Q2"	"Q1 analytical/modeling; Q2 GARCH/HAR"	"econometric: GARCH/HAR; analytical/modeling context"	"market; volatility; COVID; GARCH/HAR; analytical/modeling; target region"	Feedback trading in global stock markets under uncertainty of COVID-19	"Purpose Although some research has been carried out on feedback trading in different asset classes, there have been few empirical investigations that consider both major and emerging stock markets (Koutmos, 1997; Antoniou et al., 2005; Kim, 2009) stock index futures (Salm and Schuppli, 2010). In this study, the author examines positive/negative feedback trading in both developed-emerging-frontier-standalone (51) stock markets for 2010-2020 and sub-periods including COVID-19 period. Design/methodology/approach The hypothesis feedback trading behaviour led the price boom/bust in the stock markets during the first quarter of COVID-19 pandemic is tested by employing the Sentana and Wadhwani (1992) framework and using asymmetrical GARCH models (GJRGARCH, EGARCH) in accordance with the empirical literature. Findings The following conclusions can be drawn from the present study; (1) There is no evidence to support a significant distinction between developed, emerging, frontier or standalone markets or high/upper middle, lower middle income economies in the case of feedback trading. It is more likely to be a general phenomenon reflecting the outcomes of general human psychology (2) in the long term (2010-2020) based on the feedback trading results Asian stock markets appear to be far from efficiency. Research limitations/implications Stock markets are selected based on data availability. Practical implications Several inferences can be drawn about overall results. First, investors and portfolio managers should beware of their investment decisions during bearish market conditions where volatility is on the rise and also when there is a strong reaction to bad news/negative shocks in the market. Moreover, investing in Asia stock markets may require more attention since those markets are reputed to be more idiosyncratic, less reliant on economic and corporate fundamentals in their pricing. Moreover, the impact of foreign investors on stock market volatility and returns and weaker implementation of regulations also affect the efficiency of the markets (Lipinsky and Ong, 2014). Originality/value To the best of the author's knowledge, most studies in the field of feedback trading in stock markets have only focused on a small sample of countries and second, the effect of COVID-19 uncertainty on the stock markets have not been addressed in the literature with respect to feedback trading. This paper fills these literature gaps. This study is expected to provide useful insights for understanding the instabilities in stock markets particularly under conditions of high uncertainty and to fill the gap in the literature by comparing the results for a large sample of countries both in the long term and in the pandemic."	"Feedback trading; Asymmetric GARCH models; Stock markets; COVID-19; Uncertainty; G15; G41; N20"	"INVESTOR SENTIMENT; PRICE; AUTOCORRELATION; VOLATILITY; RETURNS; TRADERS; OVERREACTION; HEURISTICS; STRATEGIES; FREQUENCY"	Coskun, EA	REVIEW OF BEHAVIORAL FINANCE	2023	10.1108/RBF-08-2021-0154	1940-5979	Article	Business, Finance	Business & Economics	P4CP1	wos_screening_readable_A_screened.csv	maybe
A_screen_first	21	exclude		link to covid?	"Q1; Q2"	"Q1 analytical/modeling; Q2 GARCH/HAR"	"econometric: GARCH/HAR; analytical/modeling context"	"market; volatility; COVID; GARCH/HAR; analytical/modeling; target region"	VOLATILITY REGIMES OF SELECTED CENTRAL EUROPEAN STOCK RETURNS: A MARKOV SWITCHING GARCH APPROACH	This paper investigates the weekly stock market data of the Hungarian stock index BUX, the Czech stock index PX and the Polish stock index WIG20 spanning from January 7, 2001 to April 18, 2021. The period of more than 20 years enabled to analyse the behaviour of returns and their volatility during both the calm as well as various crises/turmoil periods. Besides the traditional GARCH-type models (GARCH and GJR-GARCH) the two-regime Markov Switching GARCHtype models (MS-GARCH and MS-GJR-GARCH) were estimated in order to examine the volatility switches of the Central European transition stock markets. The t-distribution of error terms was used to capture the dynamics of analysed returns more precisely. The results proved high volatility persistence of individual markets which substantially differed across the both regimes. Furthermore, the GJR-GARCH and MS-GJR-GARCH models clearly confirmed the presence of the leverage effect. Consideration of the MS-GARCH-type models enabled to capture various volatility switches during the analysed period attributable mainly to the global financial crisis 2008-2009, to European debt crisis in 2011 and to the Covid-19 pandemic in 2020. Interesting results were received for the Czech market with the strong leverage effect indicating completely different specification of volatility regimes by the MS-GJR-GARCH model.	"stock returns; volatility; GARCH; GJR-GARCH; Markov-switching (MS); regime; MS-GARCH; MS-GJR-GARCH"	"CONDITIONAL HETEROSKEDASTICITY; VARIANCE; MODEL"	Chocholatá, M	JOURNAL OF BUSINESS ECONOMICS AND MANAGEMENT	2022	10.3846/jbem.2022.16648	1611-1699	Article	"Business; Economics"	Business & Economics	2Z9YJ	wos_screening_readable_A_screened.csv	maybe
A_screen_first	21	exclude		specific stock markets	"Q1; Q2"	"Q1 analytical/modeling; Q2 GARCH/HAR"	"econometric: GARCH/HAR; analytical/modeling context"	"market; volatility; COVID; GARCH/HAR; analytical/modeling; target region"	How risk spillover network structure affects VaR: A study using complex networks and quantile regression	In early 2020, the global economy was hit by the black swan event of the COVID-19 pandemic, which triggered ups and downs in international financial markets. Volatility in financial markets is often due to price fluctuations and the fluctuations have a significant linkage effect, which makes it easy to form systemic risks. Systemic risk leads to a slight move in one part that may affect the overall situation, and the structural characteristics of the network also change with uncertainty, which has a different impact on its own risk. Mining plays a role in promoting the goal of carbon neutrality, which is likely to lead to the risk of large fluctuations in stock prices. Synthetically adopting DCC-GARCH, complex network, and quantile regression models, our research uncovers significant insights into how network structures affect Value at Risk (VaR) in this volatile market. (1) Under the influence of the COVID-19 pandemic and the US-China trade war, the network structure changes significantly, the stock price fluctuates sharply in the mining stock market, and the risk spillover probability increases. (2) The spillover range, spillover intensity, and spillover media power of stocks negatively impact VaR. They play essential roles in reducing overall risk in the network. (3) The scope and intensity of risk spillover of middle and upstream stocks are enormous, especially in some large coal and metal smelting and processing enterprises. This study provides some suggestions for market managers and policymakers on risk control.	"Risk spillover; DCC-GARCH; Complex network; Quantile regression; Mining stock market"		"Xi, X; Gao, XY; Zhong, WQ"	INTERNATIONAL REVIEW OF ECONOMICS & FINANCE	2025	10.1016/j.iref.2025.103956	1059-0560	Article	"Business, Finance; Economics"	Business & Economics	Y1Q5G	wos_screening_readable_A_screened.csv	maybe
A_screen_first	21	exclude		focus on methodology	"Q1; Q2"	"Q1 analytical/modeling; Q2 GARCH/HAR"	"econometric: GARCH/HAR; analytical/modeling context"	"market; volatility; COVID; GARCH/HAR; analytical/modeling; target region"	Economic uncertainty and stock market asymmetric volatility: analysis based on the asymmetric GARCH-MIDAS model	PurposeWe aim to clarify the effect of economic uncertainty on Chinese stock market fluctuations. We extend the understanding of the asymmetric connectedness between economic uncertainty and stock market risk and provide different characteristics of spillovers from economic uncertainty to both upside and downside risk. Furthermore, we aim to provide the different impact patterns of stock market volatility following several exogenous shocks.Design/methodology/approachWe construct a Chinese economic uncertainty index using a Factor-Augmented Variable Auto-Regressive Stochastic Volatility (FAVAR-SV) model for high-dimensional data. We then examine the asymmetric impact of realized volatility and economic uncertainty on the long-term volatility components of the stock market through the asymmetric Generalized Autoregressive Conditional Heteroskedasticity-Mixed Data Sampling (GARCH-MIDAS) model.FindingsNegative news, including negative return-related volatility and higher economic uncertainty, has a greater impact on the long-term volatility components than positive news. During the financial crisis of 2008, economic uncertainty and realized volatility had a significant impact on long-term volatility components but did not constitute long-term volatility components during the 2015 A-share stock market crash and the 2020 COVID-19 pandemic. The two-factor asymmetric GARCH-MIDAS model outperformed the other two models in terms of explanatory power, fitting ability and out-of-sample forecasting ability for the long-term volatility component.Research limitations/implicationsMany GARCH series models can also combine the GARCH series model with the MIDAS method, including but not limited to Exponential GARCH (EGARCH) and Threshold GARCH (TGARCH). These diverse models may exhibit distinct reactions to economic uncertainty. Consequently, further research should be undertaken to juxtapose alternative models for assessing the stock market response.Practical implicationsOur conclusions have important implications for stakeholders, including policymakers, market regulators and investors, to promote market stability. Understanding the asymmetric shock arising from economic uncertainty on volatility enables market participants to assess the potential repercussions of negative news, engage in timely and effective volatility prediction, implement risk management strategies and offer a reference for financial regulators to preemptively address and mitigate systemic financial risks.Social implicationsFirst, in the face of domestic and international uncertainties and challenges, policymakers must increase communication with the market and improve policy transparency to effectively guide market expectations. Second, stock market authorities should improve the basic regulatory system of the capital market and optimize investor structure. Third, investors should gradually shift to long-term value investment concepts and jointly promote market stability.Originality/valueThis study offers a novel perspective on incorporating a Chinese economic uncertainty index constructed by a high-dimensional FAVAR-SV model into the asymmetric GARCH-MIDAS model.	"Economic uncertainty; Asymmetric effect; Long-term volatility component; GARCH-MIDAS; C32; C53; G17"	"FINANCIAL CRISIS; POLICY"	"Wang, ZF; Xing, TC; Wang, X"	INTERNATIONAL JOURNAL OF EMERGING MARKETS	2024	10.1108/IJOEM-05-2023-0841	1746-8809	"Article; Early Access"	"Business; Economics; Management"	Business & Economics	IR6N2	wos_screening_readable_A_screened.csv	maybe
A_screen_first	19	exclude		weak link to covid, focus on shocks	"Q1; Q2"	"Q1 analytical/modeling; Q2 GARCH/HAR"	"econometric: GARCH/HAR; analytical/modeling context"	"market; volatility; COVID; GARCH/HAR; analytical/modeling; target region"	Investment Implications from the Analysis of Dynamic Conditional Correlations between Stock Index and Stock Index ETFs in China	Purpose - With the rapid expansion of ETFs around the world, various index ETFs have been introduced and significantly grown in China. This paper attempts to investigate the dynamic conditional correlation among stock indexes and ETFs in China, which are assumed to be closely related in nature. Design/Methodology - This paper examines the dynamic conditional correlation among the Chinese CSI 300 Index, AMC CSI 300 ETF Index, and E Fund Seeded CSI 300 ETF Index using the ARMA DCC GARCH model. Findings - Numerous studies provide evidence that abnormal shocks in advanced stock markets, such as US and EU markets, disseminate to the indexes and index ETFs in a different manner. This paper shows that the dynamic conditional correlation among these indexes is quite strong, suggesting the presence of co-movement. Additionally, stronger co-movement is observed during financial crises, such as the China stock market crash in 2015 and the COVID-19 pandemic after 2020. Our study highlights that although the AMC CSI 300 ETF and the E Fund Seed CSI 300 ETF Index track the China CSI 300 Index, they exhibit different patterns at specific moments, such as financial crises, stock market crashes, and the COVID-19 epidemic. Originality/value - The results of this paper provides insight into the dynamic co-movement of China's Index ETFs. The findings in this paper will also offer implications for investment strategies and risk management for Korean passive institutional investors with stakes in Chinese stock indexes and ETFs in the asset allocation process.	"ARMA-DCC-GARCH Model; China Stock Market; Dynamic Conditional Correlation"	"PRICE DISCOVERY; GARCH MODEL; VOLATILITY; MARKETS; HETEROSCEDASTICITY; EFFICIENCY; FUTURES; RETURN"	"Ma, XS; Kim, ST"	JOURNAL OF KOREA TRADE	2024	10.35611/jkt.2024.28.6.225		Article	Economics	Business & Economics	M7Q3O	wos_screening_readable_A_screened.csv	maybe
A_screen_first	19	exclude		cross market interactions	"Q1; Q2"	"Q1 analytical/modeling; Q2 GARCH/HAR"	"econometric: GARCH/HAR; analytical/modeling context"	"market; volatility; COVID; GARCH/HAR; analytical/modeling; target region"	Cross-Market Correlations and Financial Contagion from Developed to Emerging Economies: A Case of COVID-19 Pandemic	In the event that the COVID-19 pandemic spreads across various stock markets, this study may be deemed as one of the primary studies to evaluate cross-market interactions. The study examines the spread of contagious effects originating from developed economies (the United States, the United Kingdom, and Japan) to selected emerging markets (China, India, Thailand, Taiwan, Egypt, South Africa, Saudi Arabia, and the United Arab Emirates). The countries studied are classified into three regions: developed economies, Asia, and Africa and the Middle East. The crisis period is identified with the deployment of the Markov regime-switching model. The conditional correlations are compared before and after the crisis episode using the time-varying multivariate DCC-GARCH model. The findings confirm that certain emerging markets are experiencing contagion from developed markets, while others remain unaffected. Overall, investors in the two regions examined (Asia, and Africa and the Middle East) have comparable diversification options. The findings are expected to bolster policymakers and international agencies in developing post-crisis measures.	"co-movement; COVID-19; DCC-GARCH; financial contagion; stock markets"	"GLOBAL EQUITY MARKETS; ASIAN STOCK MARKETS; CRISIS EVIDENCE; NO CONTAGION; INTERDEPENDENCE; VOLATILITY; TESTS; UK; US"	"Siddiqui, TA; Khan, MF; Naushad, M; Syed, AM"	ECONOMIES	2022	10.3390/economies10060147		Article	Economics	Business & Economics	2N3ES	wos_screening_readable_A_screened.csv	maybe
A_screen_first	19	exclude		india?	"Q1; Q2"	"Q1 analytical/modeling; Q2 GARCH/HAR"	"econometric: GARCH/HAR; analytical/modeling context"	"market; volatility; COVID; GARCH/HAR; analytical/modeling; target region"	Volatility Spillover Effects during Pre-and-Post COVID-19 Outbreak on Indian Market from the USA, China, Japan, Germany, and Australia	We examined volatility spillover effects from five prominent global stock markets to India's stock market during the pre-and-post COVID-19 outbreak using daily adjusted closing prices between January 2019 and September 2021 from six capital markets. The structural breakpoint was identified as 23 March 2020, as per the breakpoint unit root test, to examine and compare the results pre-and-post COVID-19. Results show that previous period news and volatility feeds the next period's volatility significantly and the volatility is found to be persistent. The analysis also shows that during the pre-COVID period there is a negative significant volatility spillover from four of the five selected stock markets (Australia, China, Japan, and Germany) to the Indian stock market, and that spillover continues in the post-COVID period. There is a positive significant return and volatility spillover from the US market to the Indian stock market in the post-COVID-19 period. The results of our study will be useful for retail investors and portfolio managers in understanding the portfolio allocation methods in case of volatility spillover arising due to the crisis caused by the COVID-19 outbreak.	"stock returns; volatility; investment; asymmetry; spillover; EGARCH; COVID-19"	"STOCK-MARKET; RETURNS; TRANSMISSION; INTEGRATION; PRICES"	"Thangamuthu, M; Maheshwari, S; Naik, DR"	JOURNAL OF RISK AND FINANCIAL MANAGEMENT	2022	10.3390/jrfm15090378	1911-8066	Article	Business, Finance	Business & Economics	4R5NQ	wos_screening_readable_A_screened.csv	maybe
B_backup	18	exclude		unclear market selection	"Q1; Q2"	"Q1 analytical/modeling; Q2 GARCH/HAR"	"econometric: GARCH/HAR; analytical/modeling context"	"market; volatility; COVID; GARCH/HAR; analytical/modeling"	Volatility in International Stock Markets: An Empirical Study during COVID-19	Predicting volatility is a must in the finance domain. Estimations of volatility, along with the central tendency, permit us to evaluate the chances of getting a particular result. Financial analysts are frequently challenged with the assignment of diversifying assets in order to form efficient portfolios with a higher risk to reward ratio. The objective of this research is to analyze the influence of COVID-19 on the return and volatility of the stock market indices of the top 10 countries based on GDP using a widely applied econometric model-generalized autoregressive conditional heteroscedasticity (GARCH). For this purpose, the daily returns of market indices from January 2019 to June 2020 were taken into consideration. The results reveal daily negative mean returns for all market indices during the COVID period (January 2020 to June 2020). Though the second quarter of the COVID period reflects a bounce back for all market indices with altered strengths, the volatility remains higher than in normal periods, signaling a bearish tendency in the market. The COVID variable, as an exogenous variance regressor in GARCH modeling, is found to be positive and significant for all market indices. Furthermore, the results confirmed the mean-reverting process for all market indices.	"volatility; GARCH; stock market; risk; crisis; coronavirus; GDP"	"SKEWNESS; MODELS; RETURN; RISK; CAPM"	"Chaudhary, R; Bakhshi, P; Gupta, H"	JOURNAL OF RISK AND FINANCIAL MANAGEMENT	2020	10.3390/jrfm13090208	1911-8066	Article	Business, Finance	Business & Economics	OB1EU	wos_screening_readable_B_screened.csv	maybe
B_backup	18	include		unclear region	"Q1; Q3"	"Q1 analytical/modeling; Q3 AI/ML/DL"	"AI/ML/DL; analytical/modeling context"	"market; volatility; COVID; AI/ML/DL; analytical/modeling"	Bayesian neural networks for stock price forecasting before and during COVID-19 pandemic	"Recently, there has been much attention in the use of machine learning methods, particularly deep learning for stock price prediction. A major limitation of conventional deep learning is uncertainty quantification in predictions which affect investor confidence. Bayesian neural networks feature Bayesian inference for providing inference (training) of model parameters that provides a rigorous methodology for uncertainty quantification in predictions. Markov Chain Monte Carlo (MCMC) sampling methods have been prominent in implementing inference of Bayesian neural networks; however certain limitations existed due to a large number of parameters and the need for better computational resources. Recently, there has been much progress in the area of Bayesian neural networks given the use of Langevin gradients with parallel tempering MCMC that can be implemented in a parallel computing environment. The COVID-19 pandemic had a drastic impact in the world economy and stock markets given different levels of lockdowns due to rise and fall of daily infections. It is important to investigate the performance of related forecasting models during the COVID-19 pandemic given the volatility in stock markets. In this paper, we use novel Bayesian neural networks for multi-step-ahead stock price forecasting before and during COVID-19. We also investigate if the pre-COVID-19 datasets are useful of modelling stock price forecasting during COVID-19. Our results indicate due to high volatility in the stock-price during COVID-19, it is more challenging to provide forecasting. However, we found that Bayesian neural networks could provide reasonable predictions with uncertainty quantification despite high market volatility during the first peak of the COVID-19 pandemic."		"PREDICTION; MARKET"	"Chandra, R; He, YX"	PLOS ONE	2021	10.1371/journal.pone.0253217		Article	Multidisciplinary Sciences	Science & Technology - Other Topics	TC7AG	wos_screening_readable_B_screened.csv	maybe
B_backup	18	exclude		regions unclear	"Q1; Q2"	"Q1 analytical/modeling; Q2 GARCH/HAR"	"econometric: GARCH/HAR; analytical/modeling context"	"market; volatility; COVID; GARCH/HAR; analytical/modeling"	Efficacy of GARCH-EVT Model in Intraday Risk Management: Evidence from Severely Pandemic-affected Countries	Countries around the world have experienced severe-to-moderate economic restrictions during the first two waves of COVID-19 pandemic. The present article captures the time frame of this unprecedented turmoil to test the efficacy of the conditional extreme value theory (EVT) model to forecast value at risk (VaR) and expected shortfall (ES). The article considers the eight most-affected countries and applies the generalized autoregressive conditional heteroskedasticity (GARCH) process in appropriate GARCH-EVT models assuming Student's t distribution to accommodate the fat-tailed behaviour of financial return series. The study confirms that our model is substantially superior in forecasting intraday VaR and ES in comparison to other conditional EVT models with a classical assumption of normal distribution as well as an unconditional EVT model. Contrary to more commonly used 5-minute-frequency data in intraday risk management, we use hourly data, which is much less researched in the context of stock market volatility forecasting. Moreover, our study adds to the reliability of conditional EVT models because of its accuracy in predicting intraday risk during extreme economic uncertainty in severely pandemic-hit countries.	"Value at risk; expected shortfall; conditional EVT; forecasting; intraday risk; pandemic"		Roy, A	GLOBAL BUSINESS REVIEW	2022	10.1177/09721509221104848	0972-1509	"Article; Early Access"	"Business; Management"	Business & Economics	2I7LJ	wos_screening_readable_B_screened.csv	maybe
B_backup	18	exclude		unclear market selection	"Q1; Q2"	"Q1 analytical/modeling; Q2 GARCH/HAR"	"econometric: GARCH/HAR; analytical/modeling context"	"market; volatility; COVID; GARCH/HAR; analytical/modeling"	Predictability of the Realised Volatility of International Stock Markets Amid Uncertainty Related to Infectious Diseases	In the context of the great turmoil in the financial markets caused by the COVID-19 pandemic, the predictability of daily infectious diseases-related uncertainty (EMVID) for international stock markets volatilities is examined using heterogeneous autoregressive realised variance (HAR-RV) models. A recursive estimation approach in the short-, medium- and long-run out-of-sample predictability is considered and the main findings show that the EMVID index plays a significant role in forecasting the volatility of international stock markets. Furthermore, the results suggest that the most vulnerable stock markets to EMVID are those in Singapore, Portugal and The Netherlands. The implications of these results for investors and portfolio managers amid high levels of uncertainty resulting from infectious diseases are discussed.	"uncertainty; infectious diseases; COVID-19; international stock markets; realised volatility; forecasting"	PRECIOUS-METAL	"Shiba, S; Cunado, J; Gupta, R"	JOURNAL OF RISK AND FINANCIAL MANAGEMENT	2022	10.3390/jrfm15010018	1911-8066	Article	Business, Finance	Business & Economics	YQ7WZ	wos_screening_readable_B_screened.csv	maybe
B_backup	18	exclude		unclear region	"Q1; Q3"	"Q1 analytical/modeling; Q3 AI/ML/DL"	"AI/ML/DL; analytical/modeling context"	"market; volatility; COVID; AI/ML/DL; analytical/modeling"	An interpretable system for predicting the impact of COVID-19 government interventions on stock market sectors	Evaluating and understanding the financial impacts of COVID-19 has emerged as an urgent research agenda. Nevertheless, the impacts of government interventions on stock markets remain poorly understood. This study explores, for the first time, the impact of COVID-19 related government intervention policies on different stock market sectors using explainable machine learning-based prediction models. The empirical findings suggest that the LightGBM model provides excellent prediction accuracy while preserving computationally efficient and easy explainability of the model. We also find that COVID-19 government interventions are better predictors of stock market volatility than stock market returns. We further show that the observed effects of government intervention on the volatility and returns of ten stock market sectors are heterogeneous and asymmetrical. Our findings have important implications for policymakers and investors in terms of promoting balance and sustaining prosperity across industry sectors through government interventions.	"COVID-19; Government interventions; Stock market; SHapley Additive exPlanations"	PRICES	"Yang, C; Abedin, MZ; Zhang, HW; Weng, FT; Hajek, P"	ANNALS OF OPERATIONS RESEARCH	2025	10.1007/s10479-023-05311-8	0254-5330	Article	Operations Research & Management Science	Operations Research & Management Science	2JT0A	wos_screening_readable_B_screened.csv	maybe
B_backup	18	include		review	"Q1; Q3"	"Q1 analytical/modeling; Q3 AI/ML/DL"	"AI/ML/DL; analytical/modeling context"	"market; volatility; COVID; AI/ML/DL; analytical/modeling"	A Conceptual Model of Investment-Risk Prediction in the Stock Market Using Extreme Value Theory with Machine Learning: A Semisystematic Literature Review	The COVID-19 pandemic has been an extraordinary event, the type of event that rarely occurs but that has major impacts on the stock market. The pandemic has created high volatility and caused extreme fluctuations in the stock market. The stock market can be characterized as either linear or nonlinear. One method that can detect extreme fluctuations is extreme value theory (EVT). This study employed a semisystematic literature review on the use of the EVT method to estimate investment risk in the stock market. The literature used was selected by applying the preferred reporting items for systematic review and meta-analyses (PRISMA) guidelines, sourced from the ScienceDirect.com, ProQuest, and Scopus databases. A bibliometric analysis was conducted to determine the study characteristics and identify any research gaps. The results of the analysis show that studies on this topic are rarely carried out. Research in this field is generally performed only in univariate cases and is very complicated in multivariate cases. Given these limitations, further research could focus on developing a conceptual model that is dynamic and sensitive to extreme fluctuations, with multivariable inputs, in order to predict investment risk. The model developed here considered the variables that affect stock price fluctuations as the input data. The combination of VaR-EVT and machine-learning methods is effective in increasing model accuracy because it combines linear and nonlinear models.	"COVID-19; extreme value theory; machine learning; nonlinear; VaR"	"TIME; RETURN"	"Melina; Sukona; Napitupulu, H; Mohamed, N"	RISKS	2023	10.3390/risks11030060		Review	Business, Finance	Business & Economics	C2GY9	wos_screening_readable_B_screened.csv	maybe
B_backup	17	include		health	"Q1; Q3"	"Q1 analytical/modeling; Q3 AI/ML/DL"	"AI/ML/DL; analytical/modeling context"	"market; volatility; COVID; AI/ML/DL; analytical/modeling"	EFFECT OF HEALTH SYSTEM PERFORMANCE ON VOLATILITY DURING THE COVID-19 PANDEMIC: A NEURAL NETWORK APPROACH	"The study proposes an assessment of the link between the performance of national health systems and volatility during the COVID-19 pandemic. Data from the World Health Organization was accessed regarding the Global Health Security Index of the states considered in the analysis as well as the categories based on which it is determined. To characterise volatility, a representative stock market index was considered for each of the 60 states analysed. Data processing was carried out using an artificial neural network. The main results show that: i) before the pandemic, the link between market volatility and the performance of national health systems was weak; ii) during the pandemic, the connection between the two variables is much stronger; iii) between the six categories that define the Global Health Security Index, norms, health, and prevention had the greatest influence on volatility."	"volatility; neural network; Global Health Security Index; pandemic; World Health Organization"	"IMPACT; MODEL"	"Gheorghe, C; Panazan, O"	JOURNAL OF BUSINESS ECONOMICS AND MANAGEMENT	2024	10.3846/jbem.2024.21059	1611-1699	Article	"Business; Economics"	Business & Economics	KE9A8	wos_screening_readable_B_screened.csv	maybe
B_backup	16	exclude		unclear region	"Q1; Q2"	"Q1 analytical/modeling; Q2 GARCH/HAR"	"econometric: GARCH/HAR; analytical/modeling context"	"market; volatility; COVID; GARCH/HAR; analytical/modeling"	Evidence of Stock Market Contagion during the COVID-19 Pandemic: A Wavelet-Copula-GARCH Approach	In this study, we propose a wavelet-copula-GARCH procedure to investigate the occurrence of cross-market linkages during the COVID-19 pandemic. To explore cross-market linkages, we distinguish between regular interdependence and pure contagion, and associate changes in the correlation between stock market returns at higher frequencies with contagion, whereas changes at lower frequencies are associated with interdependence that relates to spillovers of shocks resulting from the normal interdependence between markets. An empirical analysis undertaken on six major stock markets reveals evidence of long-run interdependence between the markets under consideration before the start of the COVID-19 pandemic in December 2019. However, after the health crisis began, strong evidence of pure contagion among stock markets was detected.	"stock market contagion; COVID-19 pandemic; wavelet decomposition; copula-GARCH models"	"FINANCIAL CONTAGION; EQUITY MARKETS; INTERDEPENDENCE; VOLATILITY; DEPENDENCE; SPILLOVERS; LINKAGES; IMPACT; CRISES; RETURN"	"Alqaralleh, H; Canepa, A"	JOURNAL OF RISK AND FINANCIAL MANAGEMENT	2021	10.3390/jrfm14070329	1911-8066	Article	Business, Finance	Business & Economics	TN7VV	wos_screening_readable_B_screened.csv	maybe
B_backup	16	exclude		weak region	"Q1; Q2"	"Q1 analytical/modeling; Q2 GARCH/HAR"	"econometric: GARCH/HAR; analytical/modeling context"	"market; volatility; COVID; GARCH/HAR; analytical/modeling"	The effect of the Covid pandemic on stock market volatility: Separating initial impact from time-to-recovery	We develop an extension to the GARCHX model- named GARCHX-NL- that captures a key stylized fact for stock market return data seen during the COVID-19 pandemic: an abrupt jump in volatility at the onset of the crisis, followed by a gradual return to its precrisis level. We apply the GARCHX-NL procedure to daily data on various major stock market indexes. The profile likelihood method is used for estimation. The model decomposes the overall impact of the crisis into two measures: the initial impact, and the half-life of the shock. We find a strong negative association between these two measures. Moreover, countries with low initial impact but a long half-life tend to be emerging markets, while those with high initial impact and short half-life tend to be developed economies with well-established stock-markets. We attribute these differences to differences in investors' sensitivity to adverse news, and to differences in the preparedness of stock markets to absorb the effects of crises such as the COVID-19 pandemic.	"market volatility; COVID-19 pandemic; GARCH; GARCHX; profile likelihood"		"Zeng, J; Zhang, YJ; Yin, Y; Mo, PG"	DATA SCIENCE IN FINANCE AND ECONOMICS	2024	10.3934/DSFE.2024022		Article	"Business, Finance; Economics; Social Sciences, Mathematical Methods"	"Business & Economics; Mathematical Methods In Social Sciences"	P7D3S	wos_screening_readable_B_screened.csv	maybe
B_backup	16	exclude		asia	"Q1; Q2"	"Q1 analytical/modeling; Q2 GARCH/HAR"	"econometric: GARCH/HAR; analytical/modeling context"	"market; volatility; COVID; GARCH/HAR; analytical/modeling"	Stock market volatility from the Covid-19 pandemic: New evidence from the Asia-Pacific region	Responses from stock markets to the Covid-19 pandemic appear to change over time. Recent responses might differ as herd mentality in stock markets tends to become herd immunity to the pandemic. This study revisits the pandemic's effects on the Asia-Pacific countries' market volatility over the past 25 months. Primarily, we examine the changes of the impacts of the pandemic on volatility between the first pandemic period (2020) and the second period (January 2021-January 2022). Our findings indicate that implementing pandemic control measures helps reduce market volatility at the country and region levels. The effects of new Covid-19 cases and pandemic control measures on market volatility have been dramatically fading since 2021. The Toda-Yamamoto causality test and the panel impulse response functions from panel VAR estimation are also used for robustness analysis. Based on our findings, it appears that the current pandemic may no longer be blamed for stock market volatility in the Asia -Pacific region.	"Market volatility; Government responses; GARCH models; Toda-Yamamoto causality test; Panel VAR; Asia-Pacific region"	HETEROSKEDASTICITY	"Vo, DH; Ho, CM; Dang, THN"	HELIYON	2022	10.1016/j.heliyon.2022.e10763		Article	Multidisciplinary Sciences	Science & Technology - Other Topics	5F6IK	wos_screening_readable_B_screened.csv	maybe
B_backup	16	exclude		global	Q2	Q2 GARCH/HAR	econometric: GARCH/HAR	"market; volatility; COVID; GARCH/HAR"	Backtesting VaR under the COVID-19 sudden changes in volatility	We analyze the impact of the COVID-19 pandemic on the conditional variance of stock returns. We look at this effect from a global perspective, so we employ series of major stock market and sector indices. We use the Hansen's Skewed-t distribution with EGARCH extended to control for sudden changes in volatility. We oversee the COVID-19 effect on measures of downside risk such as the Value-at-Risk. Our results show that there is a significant sudden shift up in the return distribution variance post the announcement of the pandemic, which must be explained properly to obtain reliable measures for financial risk management.	"Backtesting; EGARCH; Monte Carlo; Skewed-t; Value-at-Risk"	"PERSISTENCE; VARIANCE"	"Castillo, B; León, A; ?íguez, TM"	FINANCE RESEARCH LETTERS	2021	10.1016/j.frl.2021.102024	1544-6123	Article	Business, Finance	Business & Economics	XA7OB	wos_screening_readable_B_screened.csv	maybe
C_low_priority	13	exclude		framework	Q1	Q1 analytical/modeling	analytical/modeling context	"market; volatility; COVID; analytical/modeling; target region"	Using Bell violations as an indicator for financial market crisis	The failure to identify and measure financial risk carries significant social and economic consequences. This paper introduces a novel framework for analyzing financial stress and crises, based on the Bell inequalities, a foundational framework in causal analysis, originally developed in quantum mechanics. Traditional approaches to crisis analysis do not, in general, adequately represent event-based dependencies and the distribution of tail risks inherent in complex financial systems. The proposed approach is underwritten by a generic causal framework, which we think is suitable for financial analysis: we offer an index for financial stress and we explore its value in detecting extreme market co-movements, which may serve as an early crisis warning signal. Our analyses employ a rolling-window approach to analyze financial time series data. We utilize S&P 500 and STOXX Europe 600 stocks and consider three historical crises, namely the 2008 financial crisis, the EU debt crisis and the COVID-19 pandemic, which mark some of the largest downturns of financial markets in the last two decades. The findings demonstrate the framework's ability to align the number of observed Bell inequalities violations with observed peaks in market stress. In particular, the framework shows good performance against CDS spreads as a crisis indicator and is less erratic than the traditional Pearson correlation of price returns. It aligns well with implied equity option volatility as measured by VIX. Overall, we think the present causal framework has promising properties and merits further examination.	"Bell inequalities; Financial crisis; Causal model; Market stress indicatord; Event-based correlation"	INEQUALITY	"Zarifian, A; Gallus, C; Overbeck, L; Pothos, EM; Blasiak, P"	JOURNAL OF FINANCE AND DATA SCIENCE	2025	10.1016/j.jfds.2025.100164		Article	"Business, Finance; Economics"	Business & Economics	EP0UF	wos_screening_readable_C_screened.csv	maybe
C_low_priority	13	exclude		could be too specific	Q1	Q1 analytical/modeling	analytical/modeling context	"market; volatility; COVID; analytical/modeling; target region"	Asymmetric Volatility Connectedness Among G7 Stock Markets	This paper investigates the asymmetries in volatility connectedness among the G7 stock markets. We provide ample evidence for asymmetric volatility connectedness based on daily realized semi -volatility indices obtained from intra-day data. We find that the impact of bad volatility strictly dominates that of good volatility in generating connectedness across financial markets. The global financial crisis, the European debt crisis, and the COVID-19 pandemic have witnessed the most influential episodes of volatility connectedness. We also discuss that the effect of the US stock market on other countries has been caused primarily by bad volatility.	"asymmetric connectedness; realized semi-volatility; G7 stock markets"	"SPILLOVERS; BAD; RETURN"	"Lee, WS; Lee, HS"	ECONOMIC COMPUTATION AND ECONOMIC CYBERNETICS STUDIES AND RESEARCH	2024	10.24818/18423264/58.1.24.06	0424-267X	Article	"Economics; Mathematics, Interdisciplinary Applications"	"Business & Economics; Mathematics"	MZ2V5	wos_screening_readable_C_screened.csv	maybe
C_low_priority	13	include		weak method connection	Q1	Q1 analytical/modeling	analytical/modeling context	"market; volatility; COVID; analytical/modeling; target region"	Intraday Volatility Spillovers among European Financial Markets during COVID-19	During crises, stock market volatility generally rises sharply, and as consequence, spillovers are identified across markets. This study estimates the volatility spillover among twelve European stock markets representing all four regions of Europe. The data consists of 10,990 intraday observations from 2 December 2019 to 29 May 2020. Using the methodology of Diebold and Yilmaz, we use static and rolling windows to characterize five-minute volatility spillovers. Our results show that 77.80% of intraday volatility forecast error variance in twelve European markets comes from spillovers. Furthermore, the highest gross directional volatility spillovers are found in Sweden and the Netherlands, while the minimum spillovers to other stock markets are observed in the stock markets of Poland and Ireland. However, German and Dutch markets transmit the highest net directional volatility spillovers. Splitting the whole sample in pre- and post-pandemic declaration (11 March 2020) we find more stable spillovers in the latter. The findings reveal important information about European stock market interdependence during COVID-19, which will be beneficial to both policy-makers and practitioners.	"COVID-19; European Union; high frequency data; spillovers; stock markets"		"Aslam, F; Ferreira, P; Mughal, KS; Bashir, B"	INTERNATIONAL JOURNAL OF FINANCIAL STUDIES	2021	10.3390/ijfs9010005	2227-7072	Article	Business, Finance	Business & Economics	RC9KD	wos_screening_readable_C_screened.csv	maybe
C_low_priority	13	exclude			Q1	Q1 analytical/modeling	analytical/modeling context	"market; volatility; COVID; analytical/modeling; target region"	VOLATILITY SPILLOVER BETWEEN GERMANY, FRANCE, AND CEE STOCK MARKETS	The CEE stock markets are more and more integrated in the European financial markets. The growth of the integration of financial markets favours the volatility and return spillover between them. The current study analyses the volatility spillover among the stock markets in the countries from Central and East Europe (CEE) and Germany and France with the aim to identify the pos-sibilities of reduction of a portfolio risk. A special attention is granted to the analysis during the pandemic caused by COVID-19. The time-varying parameter vector autoregressive (TVP-VAR) model on which is based the methodology proposed by Antonakakis and Gabauer (2017) is used to estimate the evolution in time of volatility spillover. The empirical results obtained for the period January 2001 - September 2021 highlight the increase in volatility spillover between the countries analysed when the pandemic caused by COVID-19 was confirmed. The lack of volatility integration of the markets analysed enables the making of arbitrages in order to reduce the risk of a portfolio. The results obtained are important in the management of financial asset portfolios.	"stock markets; emerging markets; risk; volatility transmission; TVP-VAR; spillover index"	"IMPULSE-RESPONSE ANALYSIS; TIME-SERIES; UNIT-ROOT; TRANSMISSION; RETURN"	"Chirila, V; Chirila, C"	JOURNAL OF BUSINESS ECONOMICS AND MANAGEMENT	2022	10.3846/jbem.2022.18194	1611-1699	Article	"Business; Economics"	Business & Economics	7K3IJ	wos_screening_readable_C_screened.csv	maybe
